{
  "2_1_2_1_1_1_0": -1.81577873,
  "2_1_2_1_1_1_1": -1.76465142,
  "2_1_2_1_1_1_2": -2.33247519,
  "2_1_2_1_0_1_0": -1.5024904,
  "2_1_2_1_0_1_1": -1.611907,
  "2_1_2_1_0_1_2": -1.51719069,
  "2_1_1_1_0_1_0": 0.187067866,
  "2_1_1_1_0_1_1": -1.43917072,
  "2_1_1_1_0_1_2": -1.56037664,
  "2_1_0_1_0_1_0": -0.0996179059,
  "2_1_0_1_0_1_1": -0.00536470348,
  "2_1_0_1_0_1_2": 6.36558628,
  "2_1_0_1_0_0_0": 0.7574273,
  "2_1_0_1_0_0_1": 1.41661,
  "2_1_0_1_0_0_2": 7.64711761,
  "1_1_0_1_0_0_0": -0.0289597027,
  "1_1_0_1_0_0_1": 5.41079855,
  "1_1_0_1_0_0_2": 25.12595,
  "1_1_1_1_2_1_0": -2.51155639,
  "1_1_1_1_2_1_1": -1.76667392,
  "1_1_1_1_2_1_2": -4.86639833,
  "1_1_0_1_2_1_0": -1.51835108,
  "1_1_0_1_2_1_1": -2.607009,
  "1_1_0_1_2_1_2": 1.80122459,
  "1_1_1_1_1_1_0": -2.785376,
  "1_1_1_1_1_1_1": -0.934304535,
  "1_1_1_1_1_1_2": -4.422812,
  "1_1_2_1_1_1_0": -2.4045186,
  "1_1_2_1_1_1_1": -0.101001844,
  "1_1_2_1_1_1_2": -1.8958391,
  "2_1_2_1_2_1_1": -2.79680586,
  "1_1_2_1_2_1_0": -3.517963,
  "1_1_2_1_2_1_1": -2.493433,
  "1_1_2_1_2_1_2": -3.53884053,
  "1_1_1_1_0_1_0": -2.338627,
  "1_1_1_1_0_1_1": 0.232704163,
  "1_1_1_1_0_1_2": 2.32120562,
  "1_1_0_1_0_1_0": -2.69596982,
  "1_1_0_1_0_1_1": -0.000318415317,
  "1_1_0_1_0_1_2": -1.40317118,
  "1_1_1_1_0_0_0": 6.030211,
  "1_1_1_1_0_0_1": 9.902468,
  "1_1_1_1_0_0_2": 16.443243,
  "1_1_0_1_1_1_0": -2.42758965,
  "1_1_0_1_1_1_1": -1.634005,
  "1_1_0_1_1_1_2": -3.02120256,
  "0_1_0_1_1_1_0": -3.72255325,
  "0_1_0_1_1_1_1": -2.81339049,
  "0_1_0_1_1_1_2": -3.86805272,
  "0_1_1_1_1_1_0": -4.04282665,
  "0_1_1_1_1_1_1": -2.52687287,
  "0_1_1_1_1_1_2": -4.77828741,
  "0_1_1_1_0_1_0": -4.01698971,
  "0_1_1_1_0_1_1": -1.95377231,
  "0_1_1_1_0_1_2": 4.62141752,
  "0_0_1_1_1_1_0": -3.27551341,
  "0_0_1_1_1_1_1": -2.54501033,
  "0_0_1_1_1_1_2": -4.421599,
  "0_0_0_1_1_1_0": -3.1116538,
  "0_0_0_1_1_1_1": -2.49017119,
  "0_0_0_1_1_1_2": -3.59634423,
  "0_1_1_1_2_1_0": -3.596493,
  "0_1_1_1_2_1_1": -2.90170646,
  "0_1_1_1_2_1_2": -4.74152851,
  "0_1_0_1_2_1_0": -3.81690288,
  "0_1_0_1_2_1_1": -2.54409432,
  "0_1_0_1_2_1_2": -4.2800746,
  "0_0_1_1_2_1_0": -1.85794878,
  "0_0_1_1_2_1_1": -1.82214773,
  "0_0_1_1_2_1_2": -2.67941141,
  "0_0_1_1_0_1_0": -3.79640651,
  "0_0_1_1_0_1_1": -3.32826471,
  "0_0_1_1_0_1_2": -2.01660824,
  "2_1_1_1_1_1_0": -1.98823261,
  "2_1_1_1_1_1_1": -1.93342865,
  "2_1_1_1_1_1_2": -4.071361,
  "2_1_0_1_1_1_0": -1.69056177,
  "2_1_0_1_1_1_1": -0.4600342,
  "2_1_0_1_1_1_2": -0.450808555,
  "0_1_1_1_0_0_0": 4.901137,
  "0_1_1_1_0_0_1": 11.9360714,
  "0_1_1_1_0_0_2": 27.6534958,
  "0_1_1_1_1_0_0": -0.6205627,
  "0_1_1_1_1_0_1": 4.107613,
  "0_1_1_1_1_0_2": 0.884718835,
  "0_1_0_1_1_0_0": -0.8245475,
  "0_1_0_1_1_0_1": 1.5609163,
  "0_1_0_1_1_0_2": 0.891397536,
  "0_0_1_1_1_0_0": -0.7272236,
  "0_0_1_1_1_0_1": -0.3439,
  "0_0_1_1_1_0_2": -0.5871,
  "0_0_0_1_1_0_0": -0.38,
  "0_0_0_1_1_0_1": 1.99100316,
  "0_0_0_1_1_0_2": -1.25044453,
  "0_1_0_1_2_0_0": -1.51487255,
  "0_1_0_1_2_0_1": -0.8371604,
  "0_1_0_1_2_0_2": -1.508168,
  "0_1_1_1_2_0_0": -1.37012088,
  "0_1_1_1_2_0_1": -0.21672301,
  "0_1_1_1_2_0_2": -1.88752556,
  "0_0_1_1_2_0_0": -0.399995238,
  "0_0_1_1_2_0_1": -0.3298069,
  "0_0_1_1_2_0_2": -0.3,
  "2_1_1_1_2_0_0": -1.10207236,
  "2_1_1_1_2_0_1": -0.989556,
  "2_1_1_1_2_0_2": -1.121799,
  "2_1_1_1_1_0_0": -0.2966557,
  "2_1_1_1_1_0_1": 0.5193017,
  "2_1_1_1_1_0_2": -0.960754633,
  "2_1_0_1_1_0_0": -0.826032162,
  "2_1_0_1_1_0_1": -0.479412019,
  "2_1_0_1_1_0_2": 3.43244076,
  "2_1_1_1_0_0_0": 0.293665469,
  "2_1_1_1_0_0_1": 0.317570627,
  "2_1_1_1_0_0_2": 11.5202265,
  "2_1_2_1_2_1_0": -3.13055587,
  "2_1_2_1_2_1_2": -3.920567,
  "2_1_1_1_2_1_0": -3.29227662,
  "2_1_1_1_2_1_1": -2.20735168,
  "2_1_1_1_2_1_2": -4.773009,
  "2_1_0_1_2_1_0": -2.643176,
  "2_1_0_1_2_1_1": -0.971171141,
  "2_1_0_1_2_1_2": -1.21518958,
  "0_0_0_1_0_1_0": -3.45852947,
  "0_0_0_1_0_1_1": -2.7854383,
  "0_0_0_1_0_1_2": -2.261861,
  "0_1_2_1_2_1_0": -3.00906682,
  "0_1_2_1_2_1_1": -2.02444553,
  "0_1_2_1_2_1_2": -3.48398447,
  "0_0_0_1_2_1_0": -2.33508873,
  "0_0_0_1_2_1_1": -2.01208377,
  "0_0_0_1_2_1_2": 0.9050391,
  "1_1_1_1_2_0_0": -0.850125551,
  "1_1_1_1_2_0_1": -0.9601048,
  "1_1_1_1_2_0_2": -1.79836178,
  "1_1_0_1_2_0_0": -1.51259875,
  "1_1_0_1_2_0_1": 0.128842428,
  "1_1_0_1_2_0_2": -1.3861928,
  "1_1_2_1_2_0_0": -0.433554858,
  "1_1_2_1_2_0_1": -0.353273451,
  "1_1_2_1_2_0_2": -0.864318967,
  "2_1_0_1_2_0_0": -1.09913325,
  "2_1_0_1_2_0_1": -0.181754917,
  "2_1_0_1_2_0_2": -0.8225695,
  "1_1_0_1_1_0_0": -1.057766,
  "1_1_0_1_1_0_1": 4.826163,
  "1_1_0_1_1_0_2": -0.2591659,
  "0_1_0_1_0_1_0": -3.23822021,
  "0_1_0_1_0_1_1": -1.52095127,
  "0_1_0_1_0_1_2": -3.32932448,
  "0_0_1_1_0_0_0": 0.544127166,
  "0_0_1_1_0_0_1": 13.03077,
  "0_0_1_1_0_0_2": 35.10327,
  "1_1_1_1_1_0_0": -1.09308922,
  "1_1_1_1_1_0_1": 2.70554733,
  "1_1_1_1_1_0_2": -1.548464,
  "0_1_2_1_1_1_0": -2.79566121,
  "0_1_2_1_1_1_1": 1.0286057,
  "0_1_2_1_1_1_2": -1.2735374,
  "0_1_0_0_0_1_0": 0.469557434,
  "0_1_0_0_0_1_1": 0.476607054,
  "0_1_0_0_0_1_2": 11.4933414,
  "0_1_0_0_0_0_0": -0.437015623,
  "0_1_0_0_0_0_1": 0.46428144,
  "0_1_0_0_0_0_2": 7.011727,
  "1_1_2_1_0_1_0": -2.61532259,
  "1_1_2_1_0_1_1": 0.8087338,
  "1_1_2_1_0_1_2": -0.9193487,
  "0_1_0_1_0_0_0": 0.729491532,
  "0_1_0_1_0_0_1": 10.27005,
  "0_1_0_1_0_0_2": 1.56393528,
  "0_0_0_0_1_0_0": -0.38,
  "0_0_0_0_1_0_1": 0.0,
  "0_0_0_0_1_0_2": -0.57,
  "2_1_2_1_2_0_0": -1.50798666,
  "0_1_1_0_2_0_0": -0.2,
  "0_1_1_0_2_0_1": -0.1,
  "0_1_1_0_2_0_2": -0.3,
  "0_0_1_0_2_0_0": -0.38,
  "0_0_1_0_2_0_1": 0.0,
  "0_0_1_0_2_0_2": 0.0,
  "0_0_0_0_2_0_0": 0.0,
  "0_0_0_0_2_0_1": 0.0,
  "0_0_0_0_2_0_2": 0.0,
  "0_0_0_1_2_0_0": -0.5781952,
  "0_0_0_1_2_0_1": -0.3198379,
  "0_0_0_1_2_0_2": -0.8660854,
  "1_1_1_0_1_0_0": -0.2,
  "1_1_1_0_1_0_1": -0.22249,
  "1_1_1_0_1_0_2": -0.57,
  "1_1_0_0_1_0_0": -0.38,
  "1_1_0_0_1_0_1": -0.271,
  "1_1_0_0_1_0_2": 0.255668,
  "1_1_0_0_0_0_0": -0.646598458,
  "1_1_0_0_0_0_1": -0.37729,
  "1_1_0_0_0_0_2": 8.14695549,
  "1_1_1_0_0_0_0": -0.398639,
  "1_1_1_0_0_0_1": -0.148500383,
  "1_1_1_0_0_0_2": -0.579,
  "0_1_1_0_0_0_0": -0.284718961,
  "0_1_1_0_0_0_1": -0.317653835,
  "0_1_1_0_0_0_2": -0.169649228,
  "0_1_0_0_1_0_0": -0.38,
  "0_1_0_0_1_0_1": 0.09873863,
  "0_1_0_0_1_0_2": 0.0,
  "2_1_2_1_2_0_1": -1.090819,
  "1_1_1_0_0_1_0": -0.38,
  "1_1_1_0_0_1_1": -0.330947936,
  "1_1_1_0_0_1_2": 0.379756272,
  "0_1_1_0_0_1_0": -0.313878775,
  "0_1_1_0_0_1_1": -0.7344093,
  "0_1_1_0_0_1_2": 2.147319,
  "0_1_1_0_1_1_0": -0.347022027,
  "0_1_1_0_1_1_1": -0.2779453,
  "0_1_1_0_1_1_2": -0.5871,
  "0_1_0_0_1_1_0": -0.38,
  "0_1_0_0_1_1_1": 0.2297799,
  "0_1_0_0_1_1_2": 0.0,
  "0_0_1_0_0_1_0": -0.2,
  "0_0_1_0_0_1_1": 0.0,
  "0_0_1_0_0_1_2": 0.0,
  "0_0_1_0_1_1_0": -0.2,
  "0_0_1_0_1_1_1": 0.0,
  "0_0_1_0_1_1_2": 0.0,
  "0_0_0_0_1_1_0": 0.0,
  "0_0_0_0_1_1_1": 0.0,
  "0_0_0_0_1_1_2": 0.0,
  "0_1_1_0_2_1_0": -0.2,
  "0_1_1_0_2_1_1": 0.0,
  "0_1_1_0_2_1_2": 0.0,
  "0_0_1_0_2_1_0": -0.2,
  "0_0_1_0_2_1_1": 0.0,
  "0_0_1_0_2_1_2": -0.813,
  "0_0_0_0_2_1_0": 0.0,
  "0_0_0_0_2_1_1": 0.0,
  "0_0_0_0_2_1_2": 0.0,
  "1_1_2_0_0_1_2": -0.57,
  "1_1_2_0_0_1_0": -0.2,
  "1_1_2_0_0_1_1": 0.0,
  "1_1_1_0_1_1_0": -0.335,
  "1_1_1_0_1_1_1": -0.210995272,
  "1_1_1_0_1_1_2": -0.3,
  "1_1_0_0_1_1_0": -0.5015,
  "1_1_0_0_1_1_1": -0.3439,
  "1_1_0_0_1_1_2": -0.6823925,
  "0_1_1_0_1_0_0": -0.4450973,
  "0_1_1_0_1_0_1": -0.310577929,
  "0_1_1_0_1_0_2": -0.8298975,
  "0_0_1_0_1_0_0": 0.0,
  "0_0_1_0_1_0_1": 0.0,
  "0_0_1_0_1_0_2": 0.0,
  "2_1_2_0_0_0_0": -0.2,
  "2_1_2_0_0_0_1": 0.0,
  "2_1_2_0_0_0_2": 0.0,
  "2_1_1_0_0_0_0": 0.389239848,
  "2_1_1_0_0_0_1": 0.0336544923,
  "2_1_1_0_0_0_2": -0.3,
  "2_1_1_0_1_0_0": -0.38,
  "2_1_1_0_1_0_1": -0.35059756,
  "2_1_1_0_1_0_2": -0.3,
  "2_1_0_0_1_0_0": -0.389,
  "2_1_0_0_1_0_1": -0.357751,
  "2_1_0_0_1_0_2": -0.3,
  "0_0_0_0_0_0_2": -0.676293433,
  "0_1_0_0_2_0_0": -0.38,
  "0_1_0_0_2_0_1": 0.0,
  "0_1_0_0_2_0_2": 10.1706209,