{
  "0_0_0_0_0_0": -0.7012745,
  "0_0_0_0_0_1": -0.333092928,
  "0_0_0_0_0_2": -1.36583686,
  "2_2_2_2_2_0": -1.33258808,
  "2_2_2_2_2_1": -1.37381768,
  "2_2_2_2_2_2": -2.17375469,
  "2_1_2_2_2_0": -1.19279015,
  "2_1_2_2_2_1": -1.032139,
  "2_1_2_2_2_2": -1.4232688,
  "2_0_2_2_2_0": -0.7917651,
  "2_0_2_2_2_1": -0.504289448,
  "2_0_2_2_2_2": -0.579,
  "2_0_2_1_2_0": -0.727616966,
  "2_0_2_1_2_1": -0.4266479,
  "2_0_2_1_2_2": -0.382096618,
  "1_0_2_1_2_0": -0.7042206,
  "1_0_2_1_2_1": -0.5708065,
  "1_0_2_1_2_2": -0.7651711,
  "0_0_2_1_2_0": -0.38,
  "0_0_2_1_2_1": -0.298795849,
  "0_0_2_1_2_2": -0.5166772,
  "1_0_1_1_2_0": -0.542,
  "1_0_1_1_2_1": -0.1,
  "1_0_1_1_2_2": 1.03955,
  "0_0_1_1_2_0": -0.155,
  "0_0_1_1_2_1": 0.0,
  "0_0_1_1_2_2": 1.39550006,
  "2_2_1_2_2_0": -0.2,
  "2_2_1_2_2_1": 0.0,
  "2_2_1_2_2_2": 0.0,
  "2_1_1_2_2_0": -0.2,
  "2_1_1_2_2_1": 0.0,
  "2_1_1_2_2_2": 0.0,
  "2_0_1_2_2_0": -0.2,
  "2_0_1_2_2_1": 0.0,
  "2_0_1_2_2_2": 0.0,
  "2_0_1_1_2_0": -0.2,
  "2_0_1_1_2_1": -0.00644050725,
  "2_0_1_1_2_2": 0.0,
  "0_0_0_1_2_0": -0.38,
  "0_0_0_1_2_1": -0.19,
  "0_0_0_1_2_2": 0.30864507,
  "2_2_0_2_2_0": -0.38,
  "2_2_0_2_2_1": -0.271,
  "2_2_0_2_2_2": 0.0,
  "2_2_0_1_2_0": -0.38,
  "2_2_0_1_2_1": -0.19,
  "2_2_0_1_2_2": 0.0,
  "2_2_0_0_2_0": -0.38,
  "2_2_0_0_2_1": -0.19,
  "2_2_0_0_2_2": 0.0,
  "2_1_0_0_2_0": -0.38,
  "2_1_0_0_2_1": -0.271,
  "2_1_0_0_2_2": 3.13339329,
  "2_0_0_0_2_0": -0.2,
  "2_0_0_0_2_1": -0.1,
  "2_0_0_0_2_2": 0.0,
  "1_1_0_0_2_0": -0.38,
  "1_1_0_0_2_1": -0.1,
  "1_1_0_0_2_2": 0.0,
  "1_0_0_0_2_0": -0.2,
  "1_0_0_0_2_1": -0.1,
  "1_0_0_0_2_2": 0.0,
  "1_0_0_1_2_0": -0.497,
  "1_0_0_1_2_1": -0.1,
  "1_0_0_1_2_2": 0.4130843,
  "0_0_0_0_2_0": -0.2,
  "0_0_0_0_2_1": -0.1,
  "0_0_0_0_2_2": 0.0,
  "0_1_0_0_2_0": -0.2,
  "0_1_0_0_2_1": -0.19,
  "0_1_0_0_2_2": 0.0,
  "2_1_0_1_2_0": -0.2,
  "2_1_0_1_2_1": -0.1,
  "2_1_0_1_2_2": 0.0,
  "2_0_0_1_2_0": -0.38,
  "2_0_0_1_2_1": 0.0,
  "2_0_0_1_2_2": 0.0,
  "2_1_0_2_2_0": -0.2,
  "2_1_0_2_2_1": -0.1,
  "2_1_0_2_2_2": 0.0,
  "1_1_0_2_2_0": -0.2,
  "1_1_0_2_2_1": 0.0,
  "1_1_0_2_2_2": 0.0,
  "1_0_0_2_2_0": -0.155,
  "1_0_0_2_2_1": 0.0,
  "1_0_0_2_2_2": 0.0,
  "2_1_0_0_1_0": -0.6128046,
  "2_1_0_0_1_1": 0.199846491,
  "2_1_0_0_1_2": 2.18213487,
  "1_1_0_0_1_0": -0.38,
  "1_1_0_0_1_1": 0.0,
  "1_1_0_0_1_2": 0.0,
  "0_1_0_0_1_0": -0.38,
  "0_1_0_0_1_1": -0.1,
  "0_1_0_0_1_2": -0.3,
  "0_0_0_0_1_0": -0.2,
  "0_0_0_0_1_1": 0.0,
  "0_0_0_0_1_2": 0.0,
  "2_2_0_2_1_0": -0.2,
  "2_2_0_2_1_1": -0.1,
  "2_2_0_2_1_2": 0.0,
  "2_2_0_1_1_0": -0.2,
  "2_2_0_1_1_1": -0.1,
  "2_2_0_1_1_2": 0.0,
  "2_1_0_1_1_0": -0.2,
  "2_1_0_1_1_1": 0.0,
  "2_1_0_1_1_2": 0.0,
  "2_0_0_1_1_0": -0.2,
  "2_0_0_1_1_1": -0.1,
  "2_0_0_1_1_2": 0.0,
  "1_0_0_1_1_0": -0.2,
  "1_0_0_1_1_1": -0.1,
  "1_0_0_1_1_2": 0.0,
  "1_0_0_0_1_0": -0.2,
  "1_0_0_0_1_1": 0.0,
  "1_0_0_0_1_2": 0.0,
  "0_0_0_1_1_0": -0.38,
  "0_0_0_1_1_1": -0.1,
  "0_0_0_1_1_2": 0.0,
  "2_2_0_0_1_0": -0.2,
  "2_2_0_0_1_1": 0.0,
  "2_2_0_0_1_2": 0.0,
  "1_1_0_0_0_0": -0.6878,
  "1_1_0_0_0_1": -0.3439,
  "1_1_0_0_0_2": 0.230610937,
  "0_1_0_0_0_0": -0.2,
  "0_1_0_0_0_1": -0.19,
  "0_1_0_0_0_2": 0.0,
  "2_2_0_2_0_0": -0.542,
  "2_2_0_2_0_1": -0.271,
  "2_2_0_2_0_2": 0.0,
  "2_1_0_2_0_0": -0.2,
  "2_1_0_2_0_1": -0.19,
  "2_1_0_2_0_2": 0.0,
  "2_0_0_2_0_0": -0.2,
  "2_0_0_2_0_1": 0.0,
  "2_0_0_2_0_2": 0.0,
  "2_0_0_1_0_0": -0.2,
  "2_0_0_1_0_1": -0.11153698,
  "2_0_0_1_0_2": -1.49885857,
  "1_0_0_1_0_0": -0.38,
  "1_0_0_1_0_1": -0.1,
  "1_0_0_1_0_2": 0.0,
  "0_0_0_1_0_0": -0.38,
  "0_0_0_1_0_1": -0.1,
  "0_0_0_1_0_2": 0.0,
  "2_2_0_1_0_0": -0.38,
  "2_2_0_1_0_1": -0.1,
  "2_2_0_1_0_2": 0.0,
  "2_1_0_1_0_0": -0.38,
  "2_1_0_1_0_1": -0.3439,
  "2_1_0_1_0_2": 0.0,
  "2_1_0_0_0_0": -1.24105036,
  "2_1_0_0_0_1": -0.978864968,
  "2_1_0_0_0_2": 0.6262508,
  "1_1_0_1_0_0": -0.353316516,
  "1_1_0_1_0_1": -0.115451254,
  "1_1_0_1_0_2": 0.0,
  "0_1_0_1_0_0": -0.2,
  "0_1_0_1_0_1": -0.1,
  "0_1_0_1_0_2": 0.0,
  "2_1_2_1_2_0": -0.705036342,
  "2_1_2_1_2_1": -0.608681738,
  "2_1_2_1_2_2": -1.12208307,
  "0_0_2_0_2_0": -0.544223964,
  "0_0_2_0_2_1": -0.365848124,
  "0_0_2_0_2_2": -0.579,
  "0_1_2_0_2_0": -0.9829563,
  "0_1_2_0_2_1": -0.8023771,
  "0_1_2_0_2_2": -1.0120374,
  "2_2_2_1_2_0": -1.28814149,
  "2_2_2_1_2_1": -0.8739984,
  "2_2_2_1_2_2": -1.4045403,
  "2_1_2_0_2_0": -2.2744205,
  "2_1_2_0_2_1": -1.3893162,
  "2_1_2_0_2_2": 3.62970328,
  "1_1_2_0_2_0": -1.94767678,
  "1_1_2_0_2_1": -1.95092869,
  "1_1_2_0_2_2": -1.83611691,
  "1_0_2_0_2_0": -0.9273806,
  "1_0_2_0_2_1": -0.889761269,
  "1_0_2_0_2_2": -1.39598286,
  "1_0_2_2_2_0": -0.5425586,
  "1_0_2_2_2_1": -0.2597838,
  "1_0_2_2_2_2": -0.579,
  "0_0_2_2_2_0": -0.38,
  "0_0_2_2_2_1": -0.1,
  "0_0_2_2_2_2": 0.0,
  "0_1_2_0_1_0": -1.13663459,
  "0_1_2_0_1_1": -1.25997341,
  "0_1_2_0_1_2": -0.7291002,
  "2_2_2_2_1_0": -0.539182365,
  "2_2_2_2_1_1": -0.4950665,
  "2_2_2_2_1_2": -0.579,
  "2_1_2_2_1_0": -0.2,
  "2_1_2_2_1_1": -0.271,
  "2_1_2_2_1_2": -0.579,
  "2_0_2_2_1_0": -0.2,
  "2_0_2_2_1_1": -0.2071,
  "2_0_2_2_1_2": -0.579,
  "1_0_2_2_1_0": -0.38,
  "1_0_2_2_1_1": -0.226,
  "1_0_2_2_1_2": -0.579,
  "1_0_2_1_1_0": -0.542,
  "1_0_2_1_1_1": -0.271,
  "1_0_2_1_1_2": -0.40525502,
  "0_0_2_1_1_0": -0.55343,
  "0_0_2_1_1_1": -0.127,
  "0_0_2_1_1_2": -0.58143,
  "2_2_2_1_1_0": -0.431704044,
  "2_2_2_1_1_1": -0.457100332,
  "2_2_2_1_1_2": -0.579,
  "2_2_2_0_1_0": -1.07358563,
  "2_2_2_0_1_1": -0.540880263,
  "2_2_2_0_1_2": 0.8314438,
  "2_1_2_0_1_0": -2.031393,
  "2_1_2_0_1_1": -1.51697516,
  "2_1_2_0_1_2": -1.19851661,
  "2_0_2_0_1_0": -1.004013,
  "2_0_2_0_1_1": -0.7463742,
  "2_0_2_0_1_2": -1.616138,
  "1_0_2_0_1_0": -0.62635994,
  "1_0_2_0_1_1": -0.697155833,
  "1_0_2_0_1_2": -0.834858358,
  "1_1_2_0_1_0": -1.4704411,
  "1_1_2_0_1_1": -1.45436871,
  "1_1_2_0_1_2": -1.02317834,
  "0_0_2_0_1_0": -0.6878,
  "0_0_2_0_1_1": -0.6999238,
  "0_0_2_0_1_2": -0.87683326,
  "2_1_2_1_1_0": -0.227,
  "2_1_2_1_1_1": -0.19,
  "2_1_2_1_1_2": -0.579,
  "0_1_2_0_0_0": -0.0663455054,
  "0_1_2_0_0_1": 0.0,
  "0_1_2_0_0_2": 0.0,
  "2_2_2_2_0_0": -0.2,
  "2_2_2_2_0_1": -0.19,
  "2_2_2_2_0_2": 0.0,
  "2_1_2_2_0_0": -0.2,
  "2_1_2_2_0_1": -0.3439,
  "2_1_2_2_0_2": -0.579,
  "2_1_2_1_0_0": -0.2,
  "2_1_2_1_0_1": -0.318501621,
  "2_1_2_1_0_2": -0.5871,
  "2_0_2_1_0_0": -0.2,
  "2_0_2_1_0_1": -0.171,
  "2_0_2_1_0_2": 0.23,
  "1_0_2_1_0_0": -0.38,
  "1_0_2_1_0_1": -0.1,
  "1_0_2_1_0_2": 0.0,
  "0_0_2_1_0_0": -0.38,
  "0_0_2_1_0_1": -0.1,
  "0_0_2_1_0_2": -0.3,
  "0_0_2_0_0_0": -0.318838,
  "0_0_2_0_0_1": 0.116951667,
  "0_0_2_0_0_2": 1.66105413,
  "2_2_2_1_0_0": -0.409166723,
  "2_2_2_1_0_1": -0.3499762,
  "2_2_2_1_0_2": -1.24805546,
  "2_1_2_0_0_0": -0.4921762,
  "2_1_2_0_0_1": -0.401544362,
  "2_1_2_0_0_2": 0.7591958,
  "1_1_2_0_0_0": -0.2,
  "1_1_2_0_0_1": 0.489467651,
  "1_1_2_0_0_2": 17.2046776,
  "2_0_2_0_0_0": -0.77852,
  "2_0_2_0_0_1": -0.0203160364,
  "2_0_2_0_0_2": -1.42613053,
  "2_0_2_2_0_0": -0.2,
  "2_0_2_2_0_1": -0.1,
  "2_0_2_2_0_2": 0.0,
  "2_2_2_0_0_0": -1.60056007,
  "2_2_2_0_0_1": -0.815073133,
  "2_2_2_0_0_2": -1.17527962,
  "2_0_1_1_0_0": -0.937118,
  "2_0_1_1_0_1": 0.0449999981,
  "2_0_1_1_0_2": 2.15289044,
  "2_1_1_0_0_0": -1.04340625,
  "2_1_1_0_0_1": 0.0,
  "2_1_1_0_0_2": -1.22853,
  "1_1_1_0_0_0": -0.2,
  "1_1_1_0_0_1": 0.0,
  "1_1_1_0_0_2": 0.0,
  "1_0_1_0_0_0": -1.19688082,
  "1_0_1_0_0_1": 0.289741,
  "1_0_1_0_0_2": -0.39136827,
  "0_0_1_0_0_0": -0.673778653,
  "0_0_1_0_0_1": 0.0449999981,
  "0_0_1_0_0_2": 3.39673257,
  "2_0_1_0_0_0": -0.879185855,
  "2_0_1_0_0_1": 0.0,
  "2_0_1_0_0_2": -0.3,
  "2_0_0_0_0_0": -0.683526,
  "2_0_0_0_0_1": -0.426148355,
  "2_0_0_0_0_2": -0.2682882,
  "2_2_2_0_2_0": -1.344199,
  "2_2_2_0_2_1": -1.36695862,
  "2_2_2_0_2_2": -1.68032789,
  "2_0_2_0_2_0": -0.898880661,
  "2_0_2_0_2_1": -0.5169162,
  "2_0_2_0_2_2": -0.8722333,
  "1_1_2_1_2_0": -0.38,
  "1_1_2_1_2_1": -0.299733371,
  "1_1_2_1_2_2": -0.58997333,
  "1_1_2_2_2_0": -0.2,
  "1_1_2_2_2_1": -0.1,
  "1_1_2_2_2_2": 0.0,